Nome,GIF
"Air Squat","https://lh3.googleusercontent.com/d/1nSpnyPQKlfpU9ARS0QsqdmicQsoU_JLz"
"Air Squat No Lockout","https://lh3.googleusercontent.com/d/1iYXunRAhBrhVtYE-knEP9DIrpNvnjfJ9"
"Alternated V Up","https://lh3.googleusercontent.com/d/1Eqdg9R2M3_jZpvF9SbpFbbZa4ujwMifC"
"Alternating Bent Over Rows","https://lh3.googleusercontent.com/d/1riXe6lZqDg6qdwua5ErE6l3uwXf8mwLp"
"Alternating Curl and Press","https://lh3.googleusercontent.com/d/1yZlt3RI-hTc7F4Bxf2N7l1Kx4hI7jEVw"
"Alternating Shoulder Press","https://lh3.googleusercontent.com/d/1E9Hw84amHnKOsFtKCpqD0j6uF-b0F5Bp"
"Banded Bicep Curl","https://lh3.googleusercontent.com/d/1uKolJo3-7xRTm-rCappQncuk-xVzz0X2"
"External Rotation Destra","https://lh3.googleusercontent.com/d/1Vy5Dmcv0UZhtggkYkyR33jC3wziBnlWo"
"External Rotation Sinistra","https://lh3.googleusercontent.com/d/1m8dILo0i-oA1RTMV8T5FZYMYQtY_tKsN"
"Banded Face Pull","https://lh3.googleusercontent.com/d/1cNjldL3HKs_jd950wI_DwwqfgKU8VVC3"
"Banded Pull Apart","https://lh3.googleusercontent.com/d/1-M_O1kJedXPGzzEFv_gWkyI-WNnn_rwT"
"Banded Pulley","https://lh3.googleusercontent.com/d/1kBJ97NJ_0kypVh7JzMacxwzdWQ3wHlWG"
"Banded Side Walk","https://lh3.googleusercontent.com/d/1LwOUXOt5Z270R-brf7cYrm321nn9nuF_"
"Banded Upright Rows","https://lh3.googleusercontent.com/d/1A4_QN1fNYyAapnRRVjXWXQ5_3-Ryz-_l"
"Bench Dips","https://lh3.googleusercontent.com/d/1C_d6hALklkfF3B7DM0av0ybLJyORcENI"
"Bench Hop Over","https://lh3.googleusercontent.com/d/1MdkVI6FEUHAZ6_xe7eZuXRzRZB_d5_4C"
"Bench Press","https://lh3.googleusercontent.com/d/1VOnWFYQRcORDShKFVwejmvKfRSz7citY"
"Bench Press Inclined","https://lh3.googleusercontent.com/d/1j92qGjQM8fPczK35Tvkkux2OcP2I_U_M"
"Bench Tricep Press","https://lh3.googleusercontent.com/d/1S7-bNICwuFH7qj9ZjcuItG_0mcvP-SqH"
"Weighted Step Up Destra","https://lh3.googleusercontent.com/d/10m1RFfHyuvl7ZgWkxnjW_G8hdTAks-VV"
"Weighted Step Up Sinistra","https://lh3.googleusercontent.com/d/1xSBbajbqsx-EHIaxuOVxiVjRJqLbl-i4"
"Bird Dog Destra","https://lh3.googleusercontent.com/d/1ChBC5B84pl1q6qMshuH3Y_mYnC-YdKkG"
"Bird Dog Sinistra","https://lh3.googleusercontent.com/d/1ynYHQlvq8NvGe8WTRvd93RvMjkaQLDzq"
"Bottom Up Kettlebell Arnold Press Destra","https://lh3.googleusercontent.com/d/1p9MGEJRbgZcHpXvfaqPettw73No6kE7D"
"Bottom Up Kettlebell Arnold Press Sinistra","https://lh3.googleusercontent.com/d/1VweHCm3ii7nRfk4AKWlFInuPSFxJURfH"
"Bottom Up Kettlebell Hold Destra","https://lh3.googleusercontent.com/d/1OmPk7kNZw-evoYrlcM1Ul-A6k_QMEEz_"
"Bottom Up Kettlebell Hold Sinistra","https://lh3.googleusercontent.com/d/1Cht_48pXpx6Kh8ZZAxPnI2HEMcH8M-iT"
"Bottom Up Kettlebell Press Destra","https://lh3.googleusercontent.com/d/1azr00-uQlDTDJ8kBKXQAfTU8YmAaPRM9"
"Bottom Up Kettlebell Press Sinistra","https://lh3.googleusercontent.com/d/1FzI9vRZ9v9BX-mXC7_GwW7Ph-tFenJCZ"
"Bulgarian Split Squat Destra","https://lh3.googleusercontent.com/d/17ZgmTyARrnoJ488c3OBmN8U0BKADhj2D"
"Bulgarian Split Squat Sinistra","https://lh3.googleusercontent.com/d/1AX6TcHwvKbK8LPj8muAso01Q5QD6Atud"
"Burpees","https://lh3.googleusercontent.com/d/13t99s0xStcDbiYxafdwC1uIr6NJq3VGp"
"Cheater Curl","https://lh3.googleusercontent.com/d/1TSzdowsPPll4xcb8mHwea8QPOWKlahPL"
"Chest Opener","https://lh3.googleusercontent.com/d/1MwhJHxPi8_OHr7wJiTUXStaOcETFzL03"
"Clamshell Destra","https://lh3.googleusercontent.com/d/1NhbCGxa8M_oRGYiKMjN1wFXrznN_SiCJ"
"Clamshell Sinistra","https://lh3.googleusercontent.com/d/1c_iWMnrI1MUNo8Bo-aptNWnDPbc5quRD"
"Crush Grip Rows Hold","https://lh3.googleusercontent.com/d/1PJWq9wdr3mgfeaYSaI2sLH7wnNCNaefL"
"Crush Grip Rows","https://lh3.googleusercontent.com/d/1GOX6aklxJ--yJuxRHi4on4dvZhJhddhI"
"Crush Grip Curl","https://lh3.googleusercontent.com/d/16KK_Clp-9b0souPEHwUvcqcID2lBwN2S"
"Crush Grip Press","https://lh3.googleusercontent.com/d/1d8sITzXkwnOC47_1wGxieJ9ZYksJdz-4"
"Crush Grip Thruster","https://lh3.googleusercontent.com/d/1g_ylt_cHN9RxizKEY29DPa232kg1681E"
"Cuban Press","https://lh3.googleusercontent.com/d/1KZJQCTYmSajvUXV_syT-AFmr_rIrE9dj"
"Cyclist Crunch","https://lh3.googleusercontent.com/d/10sRTbXYVBRAd5drAnIPSmDylurC6VnbW"
"Deadbug Pulse","https://lh3.googleusercontent.com/d/1AD5dR8ixsghCqrhjOtluSVp3tR6oJL0X"
"Diamond Push Up","https://lh3.googleusercontent.com/d/1A1yiq0F6dij2nwiXFYstIwQ2K3PKkEO8"
"Dumbbell Press Alternati","https://lh3.googleusercontent.com/d/1vnPMm7DWuemP0vvOFiqaGuaeakJLW4O1"
"Doppio Dumbbell Bent Over Rows","https://lh3.googleusercontent.com/d/1BxfoFT7JM728M8AJV1wOOlZbcCanKcbn"
"Doppio Dumbbell Curl","https://lh3.googleusercontent.com/d/1GLaeUpCTsSzGLAQYTvCfFcCShCMSGVAk"
"Doppio Dumbbell Curl & Press","https://lh3.googleusercontent.com/d/1cWSrossIb3VygszW43mPB1UtenfwaJPd"
"Curl & Press Alternati","https://lh3.googleusercontent.com/d/1yZlt3RI-hTc7F4Bxf2N7l1Kx4hI7jEVw"
"Doppio Dumbbell Curl Hold","https://lh3.googleusercontent.com/d/1etPpoMjg-0B-QMRcQgbZHL68B6jot83g"
"Doppio Dumbbell Deadlift","https://lh3.googleusercontent.com/d/1zt0hXjsgXifzdgBuRLOyVAJ4nm8hMLw7"
"Hang Clean","https://lh3.googleusercontent.com/d/1p0Cf__I--ZEy63ePGF3gm0_JxLC32UYI"
"Doppio Dumbbell Push Press","https://lh3.googleusercontent.com/d/1PwHig8vnu5P8-dArsQjRkrwolo8XRvoG"
"Doppio Dumbbell Reverse Lunges","https://lh3.googleusercontent.com/d/1nk5MXaRWQEddBPSlNURY47YVovD2QZYv"
"Doppio Dumbbell Shoulder Press","https://lh3.googleusercontent.com/d/1w5LehGudy----EFAMgOqbvXwVF-crdJd"
"Doppio Dumbbell Thruster","https://lh3.googleusercontent.com/d/1Eg_5vtpfOwMJVPBCYalgtjB_Elo6Nmtj"
"Doppio Kettlebell Sumo Deadlift","https://lh3.googleusercontent.com/d/1hDvC3OrtoTY_wj_64E31ra7akw9aWhI3"
"Doppio Kettlebell Swing","https://lh3.googleusercontent.com/d/1cWkgb1GQ-2IEtOstb5S5ahkLiIh4SPDF"
"Due Push Up Burpees","https://lh3.googleusercontent.com/d/1mc59A2KigEkVw5Uh9KW7kdhK32ay6zYv"
"Dumbbell Clean Alternato","https://drive.google.com/file/d/1DudLZUrNCaAy5kQjvLYuyZGMLKNh_IVp/view?usp=sharing"
"Dumbbell Clean Destra","https://drive.google.com/file/d/1DudLZUrNCaAy5kQjvLYuyZGMLKNh_IVp/view?usp=sharing"
"Dumbbell Clean Sinistra","https://drive.google.com/file/d/1DudLZUrNCaAy5kQjvLYuyZGMLKNh_IVp/view?usp=sharing"
"Hang Snatch Alternato","https://lh3.googleusercontent.com/d/17ROV91HI7DqKnaP6PjyRyewQukvz96-W"
"Dumbbell Hang Snatch Destra","https://lh3.googleusercontent.com/d/1n1pio2YTrwSLuKa9cmoiFOr_9fMhPikF"
"Dumbbell Hang Snatch Sinistra","https://lh3.googleusercontent.com/d/1IWwI03gcUeVm3CEt4cBju58uaMqbfEkF"
"Snatch Destra","https://lh3.googleusercontent.com/d/135AEhIdlMIUCD3DrUqZN8tidIIgynjhc"
"Snatch Sinistra","https://lh3.googleusercontent.com/d/1AlB7CRMJCQwUp7yEQfqZHXr6SaTkwLVu"
"Dumbbell Rows Destra","https://lh3.googleusercontent.com/d/19db4SrR8OaLLkTpxhBQ5jm0aNMDFhEwM"
"Dumbbell Rows Sinistra","https://lh3.googleusercontent.com/d/1Rs6G2AU2OCS5ktJCBZhcUZbikIw2XOSa"
"Dumbbell Snatch","https://lh3.googleusercontent.com/d/1BVD2y7VnXc0zuU3qfs4CP4UOv3REFlI3"
"Banded External Rotation Sinistra","https://lh3.googleusercontent.com/d/1MQR67Y7iR0jQlXWfVu1r-0Nz2WOttj9l"
"Banded External Rotation Destra","https://lh3.googleusercontent.com/d/1_gB1eDQhht4TPQPcX47cG3vrm3Aq8kHq"
"Flutterkicks","https://lh3.googleusercontent.com/d/10J5YBp7nxblXim3NUH42V0Fu5foPLy5O"
"Frontal Raises","https://lh3.googleusercontent.com/d/1E80zSgTe0iHZZc8bMksRYLlVmJKbdf_n"
"Halo","https://lh3.googleusercontent.com/d/1UNiSC-TpFg5WA9EHWX-yE3sb5ogHJ3ZL"
"Hip Thrust","https://lh3.googleusercontent.com/d/1GjAinktQQij2V3pBdxAIuLP3I2q4c1X8"
"ISTRUZIONI","https://lh3.googleusercontent.com/d/16uLdZNld58oCEUdmL96xzeFP43ZtNbSF"
"JM Press","https://lh3.googleusercontent.com/d/1eCBZM63Qi9AJOYSqR0Xof4k_mI3tJSUB"
"Jumping Lunges","https://lh3.googleusercontent.com/d/1MLM8kGdihADyTcW6EXqt1m2sgQ2rn5Qr"
"Kettlebell Deadlift","https://lh3.googleusercontent.com/d/1-vB9unm524MLfh0Ag39Wwdc7CMxEWZb_"
"Goblet Squat","https://lh3.googleusercontent.com/d/125c81bzjFNfz4TVdfnyC17emJxPgxzx7"
"Kettlebell Horn Curl","https://lh3.googleusercontent.com/d/1hvTJd2RilrDvAWOxRx3eR8JfBCm-x9x-"
"Kettlebell Clean","https://lh3.googleusercontent.com/d/1Xezz5ybhV1lZbkVJvSwyM0IvxmsaRkOZ"
"One Leg Deadlift Destra","https://lh3.googleusercontent.com/d/1z8lq9AIuWGIfgqJKwuJ5mW5856tzvtKv"
"One Leg Deadlift Sinistra","https://lh3.googleusercontent.com/d/1PLTF521rYEqTZt0nKGOx9eA_wFLPRn5p"
"Kettlebell Swing","https://lh3.googleusercontent.com/d/1laHWABEmUpBxV7tauRrMj1WatImTuUK3"
"Lateral Heel Touch","https://lh3.googleusercontent.com/d/15bo6dDt9bhvTTpUa03chNHOwdbjPzKoO"
"Lateral Raises","https://lh3.googleusercontent.com/d/1ebQRJpWltsF_nSlNzeRdqYmPP9UKtUpt"
"Monster Twist","https://lh3.googleusercontent.com/d/1cfkOwKndkoa8BrBKcUt4Ra11SltnFuqu"
"Mountain Climber","https://lh3.googleusercontent.com/d/12EKEk6vKmRjSDztJhMZ7H4IkIBp0BFPq"
"One Arm Bench Press Destra","https://lh3.googleusercontent.com/d/19dD-iGqfkpsHReVNHMK8mU3kg0NIY2Iv"
"One Arm Bench Press Sinistra","https://lh3.googleusercontent.com/d/1NNjO5oYmuWi-gKGwEjwFiH3oeTcFPNFs"
"Plank Hold","https://lh3.googleusercontent.com/d/1_VytzbWiDlcMbw6LPXOpmDqaBCoBAjnp"
"Plank Shoulder Tap","https://lh3.googleusercontent.com/d/16PWaD8LncuKo9JH2GsKQuGXVIpd6dJYV"
"Pullover","https://lh3.googleusercontent.com/d/14Kb5iVMGq2LHoCRs3WeItZGhnA75s0HR"
"Push Up","https://lh3.googleusercontent.com/d/1OF0mVEwnCT9Caml2zq31XFV5BLSES1Gk"
"Quad Push Up","https://lh3.googleusercontent.com/d/1Dm1-hFzZ5LDkJ8N6Q02u3aoZB9sZNt2i"
"Rear Delt Swing","https://lh3.googleusercontent.com/d/1m7EGTSzVD0YNBDuVL5QIHp_ksB5lb_w3"
"Rest","https://lh3.googleusercontent.com/d/1bibXbdrcXdh3vgNHp2Teby3ClS3VqZmb"
"Reverse Lunges","https://lh3.googleusercontent.com/d/10Fcy53ls3w9L0A8FGtJaf1qvx1ZcCqyp"
"Romanian Deadlift","https://lh3.googleusercontent.com/d/1kl6qF3WnUk66URMWGOPpzak6ZN0_yb7v"
"Rowing Snatch Destra","https://lh3.googleusercontent.com/d/1wYSoMAzVFkbHnDrQNLQxFDy5Bkhj_99d"
"Rowing Snatch Sinistra","https://lh3.googleusercontent.com/d/1rU-JQ0tMxehqXtTGORWRh_Yeqo3__ar6"
"Russian Sit Up","https://lh3.googleusercontent.com/d/1u8Hy8RLO2n4QQzegAbHIxL3UQ2Hyh9GC"
"Russian Twist","https://lh3.googleusercontent.com/d/1QEeyLmPf09r4FVnDUN0BS5-QM9xs2aWO"
"Overhead Tricep Extension","https://lh3.googleusercontent.com/d/1XrxKbNhLzCNElLpJb3sZgKeKkvmSJkKo"
"Seated Snatch Destra","https://lh3.googleusercontent.com/d/1NQzOKQU_yAfJc2S2PmsujuBT9bmoJw6t"
"Seated Snatch Sinistra","https://lh3.googleusercontent.com/d/1bzrHMSTeb0LeiAoRHHhTG0sFb3gyYbIu"
"Seated Snatch Alternato","https://lh3.googleusercontent.com/d/1Q3-_pZbCalZpUUDn-Z2L_W4SRJC1aYuQ"
"Side Plank Reach Destra","https://lh3.googleusercontent.com/d/15QnEsfiobouOLnZvOtft6j5aMWKbqXfg"
"Side Plank Reach Sinistra","https://lh3.googleusercontent.com/d/1zU861IlSq_WSSezH32j6eh7I7j8FL0q7"
"Overhead Lunges Destra","https://lh3.googleusercontent.com/d/1q2TbNtoUU88KKhukA1VwUaHvO4j2xMxf"
"Overhead Lunges Sinistra","https://lh3.googleusercontent.com/d/1TAncYcTK6zR8LHWK6F9D-zPWZNYhhwhS"
"Squat Jump","https://lh3.googleusercontent.com/d/1fj1qEqS86aVae9wZInXncJMk9tX86cea"
"Squat Pulse","https://lh3.googleusercontent.com/d/1eAk-_daxrhkYkOwKgEssu6BYtN3Kmis7"
"Staggered Stance Deadlift Destra","https://lh3.googleusercontent.com/d/1R4GrCZ9ynPDwR8zqmBDQ9f9cBQTayW5j"
"Staggered Stance Deadlift Sinistra","https://lh3.googleusercontent.com/d/1juSNjP6FHRkRz8hr1w3149REP63XX_o3"
"Standing Alternated Bicep Curl","https://lh3.googleusercontent.com/d/1vk6MgzSZwFZiUDTZcfKz0yvPmBvE1pKc"
"Step Up Alternati","https://lh3.googleusercontent.com/d/1KENM9GpXIrTU3-ZXfASS4NbMD0Bt-Rf6"
"Tate Press","https://lh3.googleusercontent.com/d/1xlsAQFmRZFQ1TPM4HgIGH8c22D-odJHP"
"Tricep Kick Back Destra","https://lh3.googleusercontent.com/d/1eCH9gAIQNrYLQ27yNE7HcN6q4uYm2AVG"
"Tricep Kick Back Sinistra","https://lh3.googleusercontent.com/d/1NC60rtbg6tT8ah9Ll9NzVOfaTG-olbf7"
"Tuck Up","https://lh3.googleusercontent.com/d/1RvnOOmFzF8kL1qygy4L19Hsixf6g2-tc"
"Turkish Sit Up Destra","https://lh3.googleusercontent.com/d/1LBqBUt5pnZXkByQ4bqMLhnb4JExW2UMG"
"Turkish Sit Up Sinistra","https://lh3.googleusercontent.com/d/1LBqBUt5pnZXkByQ4bqMLhnb4JExW2UMG"
"V Up","https://lh3.googleusercontent.com/d/1MnrptBoC4JTURA2n_VOwQh9Qln2Dy2uB"
"Weighted Deadbug Pulse","https://lh3.googleusercontent.com/d/16gKurP0L6qlP1AJM1H2KG_8drwG14Dx3"
"Weighted V Up","https://lh3.googleusercontent.com/d/18HMRX7cHVDYx06ekmpVGTu13psPAZyqM"
"Windmill Destra","https://lh3.googleusercontent.com/d/1bw-aFiOlCkp7PI_zp960qttXsINKZ-KD"
"Windmill Sinistra","https://lh3.googleusercontent.com/d/1l3Oqtu6uwmw4q6eycz63S9KjeENkBZj_"
"Bottom Squat Hold","https://lh3.googleusercontent.com/d/1HtIHM9q0RnSnYONTpyYB0as5YCsG1evo"
"Dumbbell Front Squat","https://lh3.googleusercontent.com/d/1_CEotE9NCGMIlxIpfiL5UCWlLtLKx-Bq"
"Cossack Squat","https://lh3.googleusercontent.com/d/13MZaIosHEuqQ5H9WQfy7nJy5JAKQSMLz"
"Renegade Rows","https://lh3.googleusercontent.com/d/1FtkdjZaX4pdQuvkfqhn0zwK0e8rzqrk0"
"KOT Lunges Destra","https://lh3.googleusercontent.com/d/1HNCp2x6jQm9YUIG49xicCuqfkVR-wNUc"
"KOT Lunges Sinistra","https://lh3.googleusercontent.com/d/1TJ7mFF-EvpxwoTPdbadDl4L_7vXSygt8"
"Walkout","https://lh3.googleusercontent.com/d/1T1auR2JKhGELTqX3pFjyspzPYArQcJqz"
"Reverse Walkout","https://lh3.googleusercontent.com/d/1NIJeJykgCrQDlA4I9G_ydy-DtqHpnYIx"
"Kettlebell Gorilla Rows","https://lh3.googleusercontent.com/d/1pKN-IAJk5TAKTPkg_87f_0kHIUvT9J3p"
"Crush Grip Bench","https://lh3.googleusercontent.com/d/1RO8XJnWtINQHIEAPQXcPtnxvH1-DXlRY"
"Crush Grip Skull Crush","https://lh3.googleusercontent.com/d/1rARuyEM9lh1vmpC1lpgoHS-XYj8ONI6X"
"Hip Extension on Bench","https://lh3.googleusercontent.com/d/1gTddmTmlTmsAbAFYSv3P2XQs9_8KB5rZ"
"Hip Pump","https://lh3.googleusercontent.com/d/1yAq15hhVxJyOZAon1OLQkHMszJb0Sb9A"
"Doppio Dumbbell Lunges Destra","https://lh3.googleusercontent.com/d/128jV8clzODiBrW3o2J4sWU5WI-AkCTu0"
"Doppio Dumbbell Lunges Sinistra","https://lh3.googleusercontent.com/d/1-rp2BtwYfoci3EPsqH3nBqABX3MA6Z8i"
"Wood Chop Destra","https://lh3.googleusercontent.com/d/1Y-nRGuakkSS22jQL-SqKiQT-HoKokcgL"
"Wood Chop Sinistra","https://lh3.googleusercontent.com/d/1_9tc4atcSn-vtLnWUbGKrtCM9mCJD2YQ"
"Tall Kneeling Around The World Orario","https://lh3.googleusercontent.com/d/1qqpzaqhixFJ0jd0gpZUZUTUZHIxb5EDi"
"Tall Kneeling Around The World Antiorario","https://lh3.googleusercontent.com/d/1JYLHEpY6cjcIlu019rmtoqsms23L5jZy"
"Suitcase March DX","https://lh3.googleusercontent.com/d/1gacAMXHSzQib1tnqwMf1lKWwJRkkLMYU"
"Suitcase March SX","https://lh3.googleusercontent.com/d/1tEq4RoFBEImIIGJHLRKhLYO8Ve9a8C3A"
"Crush Grip Frontal Raise","https://lh3.googleusercontent.com/d/1E80zSgTe0iHZZc8bMksRYLlVmJKbdf_n"
"Elevated Hip Tilt Destra","https://lh3.googleusercontent.com/d/1VgA4s5yhqzUli9Ra6e-RVvNvV0grS5VW"
"Elevated Hip Tilt Sinistra","https://lh3.googleusercontent.com/d/1SYGYvlHxrA-1q7gZYrv2RjlPqRXY9PTI"
"Upright Rows","https://lh3.googleusercontent.com/d/1n1Zvu2QeM5hE-DcWjB6B6ONf9uMfDuW5"
"Single Leg Elevated Hip Extension Destra","https://lh3.googleusercontent.com/d/1pISzyAxZ3H0Wau5LyeY6wiJH0TkDeWbo"
"Single Leg Elevated Hip Extension Sinistra","https://lh3.googleusercontent.com/d/1buL10tUUZu-QoyyB3PGRSYNjAwOr4yRr"
"Alternate Bench Press","https://lh3.googleusercontent.com/d/15HkaAdCGqiZ0Fl-woY_AsR9nZ5yqU1aQ"
"Swing Destra","https://lh3.googleusercontent.com/d/1JlDW_gy1dPI-Zmr89cX1VtAWgVkEm0IM"
"Swing Sinistra","https://lh3.googleusercontent.com/d/11Ybsw26e3LeCP0n03yBKdI1KIezBq_GJ"
"Copenaghen Side Plank Destra","https://lh3.googleusercontent.com/d/1qqpzaqhixFJ0jd0gpZUZUTUZHIxb5EDi"
"Copenaghen Side Plank Sinistra","https://lh3.googleusercontent.com/d/1oesFJeleYliNm3Qouwv51NTQ6jB82rbN"
"Curl & Press Destra","https://lh3.googleusercontent.com/d/1fgVa2D-wRylZqbXtzcv1hyGvTtYA34AB"
"Curl & Press Sinistra","https://lh3.googleusercontent.com/d/1fgVa2D-wRylZqbXtzcv1hyGvTtYA34AB"
"Crush Grip Curl Hold","https://lh3.googleusercontent.com/d/1oOsKRP9FnzMp5xOGwI0wiGdi2YHsIE5l"
"Good Job","https://lh3.googleusercontent.com/d/1Vs1-VgiJi8rTbssSj-2ThcyDraRoTE2g"
"Riscaldamento","https://lh3.googleusercontent.com/d/1Ee4DY-EGnTI9YPrIB0wj6v8pX7KW8Hpt"
"Are you ready?","https://lh3.googleusercontent.com/d/1FS2HKfaJ6MIfpyzJirU6dWQ7K-5kbC9j"
"Primo Blocco","https://lh3.googleusercontent.com/d/1OqySkpUZpy8sIwWrS49wqAODq1KLEVMG"
"Secondo Blocco","https://lh3.googleusercontent.com/d/1HefHXEDql8P4GtBft-p-8VoCOAhLTUhs"
"Terzo Blocco","https://lh3.googleusercontent.com/d/1LI8E-wKOH3XMdZOJto3jT9gYV-Lod9_a"
"BACK SQUAT","https://lh3.googleusercontent.com/d/1dM9fW8R09ko8sKaMI2SBp-oxa7rFgm45"
"CLOSE GRIP BENCH PRESS","https://lh3.googleusercontent.com/d/https://drive.google.com/file/d/1PGicgxdSCml28x1vJr6vFd3eNGv2rjSM/view?usp=drive_link"
"POWER CLEAN","https://lh3.googleusercontent.com/d/1B6l345_vX2KQyS9-i-7kAolJGVraq_Qf"
"STRICT PRESS","https://lh3.googleusercontent.com/d/1a6HHsgpzf85LmN0WO303krIyvqccH3P-"
"DEADLIFT","https://lh3.googleusercontent.com/d/1LFKi_MzvdOBafqnJCrA3aDPp5tXPYRgr"
"SUMO DEADLIFT","https://lh3.googleusercontent.com/d/1EkdhNNiPFPaSd-ucQRmrvBJ9RfXZnikG"
"DEADLIFT GAMBE TESE","https://lh3.googleusercontent.com/d/https://drive.google.com/file/d/1rPHZDmEqgIP7DVLlX9IpBOqVPnTJ9Wdl/view?usp=drive_link"
"FRONT SQUAT","https://lh3.googleusercontent.com/d/https://drive.google.com/file/d/1862J5k0JqE3nEUs4chXWwRQZyqe9KBx4/view?usp=drive_link"
"HANG POWER CLEAN","https://lh3.googleusercontent.com/d/1d2da-PEqmyAystR5p1-Gcgx9QNK9qYZ5"
"PUSH PRESS","https://lh3.googleusercontent.com/d/1Q1X6Rpwfp9ePwsDjdhsmCrSMuDG3BG-2"
"Wall Ball","https://lh3.googleusercontent.com/d/1Dt5QWzaIxWKxJlSTydnPaEt97R4ZlpoT"
"Pull Up","https://lh3.googleusercontent.com/d/15gjed4eOrzZBwftpAbce5o477wrShVPZ"
"Step Up Destra","https://lh3.googleusercontent.com/d/17qW6q2FJYFOXpaneM6YJpLaXdT9wvJnN"
"Step Up Sinistra","https://lh3.googleusercontent.com/d/1NYP46mLG8Xs8nholXjLhMS70HUpsK87C"
"Banded Abductor Destra","https://lh3.googleusercontent.com/d/1aHZLSmfecd3zA24ZaT9rFNhDgNx1DgGB"
"Banded Abductor Sinistra","https://lh3.googleusercontent.com/d/1fI_lTfLr9Z98NZrTg98o1dnfBS5QWiCK"
"BB Zarker Deadlift","https://lh3.googleusercontent.com/d/1sfok0VYbPs7AiDHpMth6qTwL5dCKgNPG"
"BB Hip Thrust","https://lh3.googleusercontent.com/d/1BcFNnzAeCA4r2zOUspXdT-eqAGlhMevb"
"Airplane Hip Open Destra","https://lh3.googleusercontent.com/d/127ZZ6gWoM0qdJXqfhNx3NuJQAfJhRyt3"
"Airplane Hip Open Sinistra","https://lh3.googleusercontent.com/d/1UWy9Akv24dbF8eydySkb4iT1DY9G0A2B"
"Airplane Hip Close Destra","https://lh3.googleusercontent.com/d/17Tp31Pa_tJFFOYAtxHN-bDPN9GMzAV4C"
"Airplane Hip Close Sinistra","https://lh3.googleusercontent.com/d/1UxvyOyBKB_zzCxKdCSr-wfRvFVhUHDKN"
"Foam Hip Shift Destra","https://lh3.googleusercontent.com/d/1YOlTHkNI4lEbqtiJFFrOADpYM1BZhZ3T"
"Foam Hip Shift Sinistra","https://lh3.googleusercontent.com/d/1aowAMsge_i1VeNMfd9XXKtlTvAdmWGMM"
"Frog Pump","https://lh3.googleusercontent.com/d/1INM4Kty0DoUxG-6O2x4weoHRNpeDMp-m"
"Weighted Frog Pump","https://lh3.googleusercontent.com/d/1pI-i2bDJsuKWFDZTVO10cpATJKgioKsm"
"Milko Bench Press Destra","https://lh3.googleusercontent.com/d/1HKM_9Iuv3Imd2HvlDQKn3X5U0ka0ZhAq"
"Milko Bench Press Sinistra","https://lh3.googleusercontent.com/d/1uEOx64RTtlLYbCum43wZCgLkMLHRp1_F"
"Spanish Squat","https://lh3.googleusercontent.com/d/1YNANOSarJal12Ez6KwaqntE7KciqtGJB"
"Kettebell Shift Destra","https://lh3.googleusercontent.com/d/10IFtLVmsHNo9SGYVgDIEVKRzT54EOofR"
"Kettebell Shift Sinistra","https://lh3.googleusercontent.com/d/1X4bywcpEMBnIN82wmbXz-FC1Q3p-zM4X"
"Kettlebell Sumo Deadlift","https://lh3.googleusercontent.com/d/16yPq_OxOE5tvODttpHpwe0B1Bv0wPGj3"
"Cat Cow","https://lh3.googleusercontent.com/d/1KIjJUlPOpNygTGp-6SnvsOaDebcPTO-R"
"Bootstrap","https://lh3.googleusercontent.com/d/1j3Z6mLqaWcASRUDJSCRmXYtD8eH7iRqz"
"Pogo Hops","https://lh3.googleusercontent.com/d/1gq6xpjZK6XsfFmO5_AlHz-HLk3KQo3PB"
"Jumping Jacks","https://lh3.googleusercontent.com/d/1OpfwD2KStcXGSL1yho7gdsAGQQDgBmfQ"
"Updog To Downdog","https://lh3.googleusercontent.com/d/1cuntn0OBWz9iwxgvl7f68PTzsxL01UoC"
"Hip Switch","https://lh3.googleusercontent.com/d/1_j_R7jBB90jQruDFY7BAVPT6cmuAYo_h"
"Active Spider","https://lh3.googleusercontent.com/d/1LcDBOoL7G8hRiscrdkY48e3OLtxsDFRG"
"Active Samson Destra","https://lh3.googleusercontent.com/d/16tDNbRbwqCypE44jhLR8lOCcJd5pjf8V"
"Active Samson Sinistra","https://lh3.googleusercontent.com/d/11bLSx4gkHVhR1paIbjHHJQiCaZxOCy6K"
"World Greatest Destra","https://lh3.googleusercontent.com/d/1rHz6M9TxPOzZB9OiSaPA9YfCrhtSYpj3"
"World Greatest Sinistra","https://lh3.googleusercontent.com/d/1UYVp72OX4XD6-ZVuvtEldpkKMH1NXUNr"
"Down Up","https://lh3.googleusercontent.com/d/1x98rPa5eEsM52BHYM5-fHdVCg0snBRlf"
"Down Dog With Pedal","https://lh3.googleusercontent.com/d/1pm_dcI73ibdJZkJiEeWX3XaXT2D4pPS-"
"Knuckle Dragger","https://lh3.googleusercontent.com/d/12H8OitXaY68GWoGpEmjvOeHOA8AQAGEf"
"Quad Pull Through","https://lh3.googleusercontent.com/d/1aUhEgmpE7wzcHxMIO3ApA5F59x5pyJ0k"
"Quad Push Through","https://lh3.googleusercontent.com/d/1Wce-SoBjOlOaOqDTz0qiX4gD2YQoZ6TV"
"Press Destra","https://lh3.googleusercontent.com/d/1GncvXrz10ojsmU_v1wPWFw8aMODa_Vno"
"Press Sinistra","https://lh3.googleusercontent.com/d/1ptUpcSN4_9QCGTJ1MfVpJLmW8AVbGj4y"
"Hamstring March","https://lh3.googleusercontent.com/d/1IpnqDReJgWldOOAH8C63q-8AhyiLmmUX"
"Calf Raises Sinistra","https://lh3.googleusercontent.com/d/1HtZIAO_5G2cS6odYzLfLWXmQwXdPEIM6"
"Calf Raises Destra","https://lh3.googleusercontent.com/d/1Ts6lpaEowc1wvQOetEskuiYzBStRfRru"
"IYT","https://lh3.googleusercontent.com/d/1IgisSkJER2xi9KvV9dWLF4r9_9xpzoVU"
"Bicep Curl Destra","https://lh3.googleusercontent.com/d/1uVxlSX9NEkx4SYYOt8SwSN7E9quTlcIh"
"Bicep Curl Sinistra","https://lh3.googleusercontent.com/d/1OWdwdv0lwPEhn6Ev4clWdFd3ALT0okTd"
"Hammer Curl","https://lh3.googleusercontent.com/d/1C7cFWpDRQJwe6_yBSOjI9jNnNyXjbZ2z"
"Weighted Reverse Lunges Destra","https://lh3.googleusercontent.com/d/1YgJAmDv88maoVafaS4t_KGQzwOkhwar0"
"Weighted Reverse Lunges Sinistra","https://lh3.googleusercontent.com/d/1RALEzR3vjRXpOmdVUT1vuqWNdZeH-dCh"
"Zotman Curl","https://lh3.googleusercontent.com/d/1n0G_6qWyZukNwoOe9tayqDXeznQ7_MaW"
"Z Press","https://lh3.googleusercontent.com/d/1UGPUEtLVIQ1UcqkMKT_yxJMeGNkwm_wr"
"Bicep Curl","https://lh3.googleusercontent.com/d/1C8ectOOsXv_-q_yxQHmEqeTXS5RVFcgn"
"Crunches","https://lh3.googleusercontent.com/d/12kbnduz_MyldPvNMMZQOerWxrZGS4QA-"
"Side Bend Destra","https://lh3.googleusercontent.com/d/1Dm1-hFzZ5LDkJ8N6Q02u3aoZB9sZNt2i"
"Side Bend Sinistra","https://lh3.googleusercontent.com/d/1nB9cfitZjErxiptKX2av2Dhrx4l62xZS"